{
  "split": "train",
  "trial_id": 110,
  "geometry": {
    "chosen_max_dim_px": 437,
    "rotation_deg": -0.03554828122568665,
    "dx": -3,
    "dy": 1
  },
  "object": {
    "munsell": "5P 5/6"
  },
  "illumination": {
    "tint_lab": [
      60.0,
      9.755395397345357,
      4.55064080183655
    ],
    "neutral_Lab": [
      60.0,
      0.0,
      0.0
    ]
  }
}