{
  "split": "train",
  "trial_id": 102,
  "geometry": {
    "chosen_max_dim_px": 460,
    "rotation_deg": 26.51342991155289,
    "dx": 7,
    "dy": 13
  },
  "object": {
    "munsell": "10RP 3/2"
  },
  "illumination": {
    "tint_lab": [
      60.0,
      0.48813675384775657,
      2.075984853610371
    ],
    "neutral_Lab": [
      60.0,
      0.0,
      0.0
    ]
  }
}