{
  "split": "train",
  "trial_id": 125,
  "geometry": {
    "chosen_max_dim_px": 387,
    "rotation_deg": -50.55535702547884,
    "dx": -7,
    "dy": 11
  },
  "object": {
    "munsell": "7.5G 6/2"
  },
  "illumination": {
    "tint_lab": [
      60.0,
      17.59667853413331,
      -4.786247078447388
    ],
    "neutral_Lab": [
      60.0,
      0.0,
      0.0
    ]
  }
}