{
  "split": "train",
  "trial_id": 48,
  "geometry": {
    "chosen_max_dim_px": 389,
    "rotation_deg": -40.495884885208596,
    "dx": -4,
    "dy": -9
  },
  "object": {
    "munsell": "7.5P 9/4"
  },
  "illumination": {
    "tint_lab": [
      60.0,
      -0.1487346214854801,
      3.6395145460002354
    ],
    "neutral_Lab": [
      60.0,
      0.0,
      0.0
    ]
  }
}