{
  "split": "train",
  "trial_id": 132,
  "geometry": {
    "chosen_max_dim_px": 451,
    "rotation_deg": 9.085834073049469,
    "dx": -6,
    "dy": -3
  },
  "object": {
    "munsell": "5GY 6/10"
  },
  "illumination": {
    "tint_lab": [
      60.0,
      -13.047420339928898,
      -8.808360779849046
    ],
    "neutral_Lab": [
      60.0,
      0.0,
      0.0
    ]
  }
}