{
  "split": "train",
  "trial_id": 9,
  "geometry": {
    "chosen_max_dim_px": 363,
    "rotation_deg": 52.47685016354697,
    "dx": 12,
    "dy": 10
  },
  "object": {
    "munsell": "10B 5/6"
  },
  "illumination": {
    "tint_lab": [
      60.0,
      16.085152666498864,
      -10.538164803065468
    ],
    "neutral_Lab": [
      60.0,
      0.0,
      0.0
    ]
  }
}