{
  "split": "train",
  "trial_id": 49,
  "geometry": {
    "chosen_max_dim_px": 428,
    "rotation_deg": 14.715723055477568,
    "dx": 2,
    "dy": 3
  },
  "object": {
    "munsell": "2.5GY 8/4"
  },
  "illumination": {
    "tint_lab": [
      60.0,
      -0.06842684149744649,
      -3.8203281382879295
    ],
    "neutral_Lab": [
      60.0,
      0.0,
      0.0
    ]
  }
}