{
  "split": "train",
  "trial_id": 78,
  "geometry": {
    "chosen_max_dim_px": 433,
    "rotation_deg": 56.69144635906275,
    "dx": -1,
    "dy": 3
  },
  "object": {
    "munsell": "7.5PB 8/2"
  },
  "illumination": {
    "tint_lab": [
      60.0,
      -12.29958393551481,
      -0.9013170719842334
    ],
    "neutral_Lab": [
      60.0,
      0.0,
      0.0
    ]
  }
}