{
  "split": "train",
  "trial_id": 51,
  "geometry": {
    "chosen_max_dim_px": 450,
    "rotation_deg": 59.97888615285373,
    "dx": -12,
    "dy": -3
  },
  "object": {
    "munsell": "10PB 2/2"
  },
  "illumination": {
    "tint_lab": [
      60.0,
      -12.14783908793546,
      -14.893998323813186
    ],
    "neutral_Lab": [
      60.0,
      0.0,
      0.0
    ]
  }
}