{
  "split": "train",
  "trial_id": 193,
  "geometry": {
    "chosen_max_dim_px": 424,
    "rotation_deg": 56.68559060944351,
    "dx": 2,
    "dy": -4
  },
  "object": {
    "munsell": "5G 8/8"
  },
  "illumination": {
    "tint_lab": [
      60.0,
      7.907297760201599,
      -14.868445399751092
    ],
    "neutral_Lab": [
      60.0,
      0.0,
      0.0
    ]
  }
}