{
  "split": "train",
  "trial_id": 29,
  "geometry": {
    "chosen_max_dim_px": 379,
    "rotation_deg": 40.652134298658126,
    "dx": 0,
    "dy": -4
  },
  "object": {
    "munsell": "7.5GY 6/6"
  },
  "illumination": {
    "tint_lab": [
      60.0,
      4.264504231389834,
      8.314971258629003
    ],
    "neutral_Lab": [
      60.0,
      0.0,
      0.0
    ]
  }
}