{
  "split": "train",
  "trial_id": 175,
  "geometry": {
    "chosen_max_dim_px": 414,
    "rotation_deg": -39.86491982575559,
    "dx": -4,
    "dy": 1
  },
  "object": {
    "munsell": "7.5PB 2/10"
  },
  "illumination": {
    "tint_lab": [
      60.0,
      -18.16288799292218,
      -5.657042370259742
    ],
    "neutral_Lab": [
      60.0,
      0.0,
      0.0
    ]
  }
}