{
  "split": "train",
  "trial_id": 188,
  "geometry": {
    "chosen_max_dim_px": 367,
    "rotation_deg": -30.339869828865822,
    "dx": 5,
    "dy": 3
  },
  "object": {
    "munsell": "2.5BG 7/4"
  },
  "illumination": {
    "tint_lab": [
      60.0,
      2.2519316764150865,
      16.629594831704484
    ],
    "neutral_Lab": [
      60.0,
      0.0,
      0.0
    ]
  }
}