{
  "split": "train",
  "trial_id": 198,
  "geometry": {
    "chosen_max_dim_px": 459,
    "rotation_deg": 37.3238360061234,
    "dx": 4,
    "dy": 13
  },
  "object": {
    "munsell": "7.5P 2/2"
  },
  "illumination": {
    "tint_lab": [
      60.0,
      -4.082658838398734,
      19.868940170099304
    ],
    "neutral_Lab": [
      60.0,
      0.0,
      0.0
    ]
  }
}