{
  "split": "train",
  "trial_id": 156,
  "geometry": {
    "chosen_max_dim_px": 392,
    "rotation_deg": 13.554380452711541,
    "dx": -12,
    "dy": 6
  },
  "object": {
    "munsell": "10GY 5/4"
  },
  "illumination": {
    "tint_lab": [
      60.0,
      0.25973525264603836,
      9.430067080098112
    ],
    "neutral_Lab": [
      60.0,
      0.0,
      0.0
    ]
  }
}