{
  "split": "train",
  "trial_id": 18,
  "geometry": {
    "chosen_max_dim_px": 370,
    "rotation_deg": -12.570833968386054,
    "dx": 2,
    "dy": -2
  },
  "object": {
    "munsell": "10Y 6/4"
  },
  "illumination": {
    "tint_lab": [
      60.0,
      15.724592327526437,
      11.035248954238316
    ],
    "neutral_Lab": [
      60.0,
      0.0,
      0.0
    ]
  }
}