{
  "split": "train",
  "trial_id": 129,
  "geometry": {
    "chosen_max_dim_px": 446,
    "rotation_deg": -16.791343833089492,
    "dx": -3,
    "dy": 1
  },
  "object": {
    "munsell": "2.5G 5/6"
  },
  "illumination": {
    "tint_lab": [
      60.0,
      18.231335715255543,
      -13.044066635370548
    ],
    "neutral_Lab": [
      60.0,
      0.0,
      0.0
    ]
  }
}