{
  "split": "train",
  "trial_id": 137,
  "geometry": {
    "chosen_max_dim_px": 385,
    "rotation_deg": 13.661611056204165,
    "dx": -6,
    "dy": 1
  },
  "object": {
    "munsell": "10P 2/4"
  },
  "illumination": {
    "tint_lab": [
      60.0,
      16.399217491488663,
      -15.912450448214184
    ],
    "neutral_Lab": [
      60.0,
      0.0,
      0.0
    ]
  }
}