{
  "split": "train",
  "trial_id": 13,
  "geometry": {
    "chosen_max_dim_px": 381,
    "rotation_deg": -7.248432278443239,
    "dx": -15,
    "dy": -2
  },
  "object": {
    "munsell": "10GY 5/8"
  },
  "illumination": {
    "tint_lab": [
      60.0,
      -14.899083973821718,
      -15.48541104731617
    ],
    "neutral_Lab": [
      60.0,
      0.0,
      0.0
    ]
  }
}